Link,Last Price,Discount Price,Address
/imovel/go/planaltina/residencial-lot-brasilinha-sudoeste-2-quartos-varanda-sacada-area-de-servico-wc-sala-imovel-caixa-economica-federal-cef-609295-8444417131551-venda-direta-caixa,"R$ 125.000,00",No discount price found,No address found
/imovel/go/cidade-ocidental/residencial-cond-res-aria-2-quartos-1-vaga-na-garagem-varanda-sacada-area-de-servico-imovel-caixa-economica-federal-cef-362191-8444407371517-venda-direta-caixa,"R$ 125.000,00",No discount price found,No address found
/imovel/go/goiania/residencial-res-sales-brandao-ii-3-quartos-1-vaga-na-garagem-area-de-servico-2-wc-sa-imovel-caixa-economica-federal-cef-1558587-8444401186513-venda-direta-caixa,"R$ 125.000,00",No discount price found,No address found
/imovel/df/brasilia/residencial-setor-industrial-taguatinga-2-quartos-1-vaga-na-garagem-2-wc-sala-cozi-imovel-caixa-economica-federal-cef-1555249-1555523652300-venda-direta-caixa,"R$ 125.000,00",No discount price found,No address found
/imovel/go/goiania/residencial-residencial-luiz-de-moraes-ii-3-quartos-varanda-sacada-area-de-servico-2-imovel-caixa-economica-federal-cef-1553456-8555515120963-venda-direta-caixa,"R$ 125.000,00",No discount price found,No address found
/imovel/go/mineiros/residencial-res-3-quartos-1-vaga-na-garagem-area-de-servico-2-wc-sala-cozinha-imovel-caixa-economica-federal-cef-1553441-1444408151113-venda-direta-caixa,"R$ 125.000,00",No discount price found,No address found
/imovel/go/trindade/residencial-res-imovel-caixa-economica-federal-cef-1553427-1555519212740-venda-direta-caixa,"R$ 125.000,00",No discount price found,No address found
/imovel/go/trindade/residencial-setor-sol-dourado-3-quartos-1-vaga-na-garagem-area-de-servico-2-wc-sala-imovel-caixa-economica-federal-cef-1553426-8555513237421-venda-direta-caixa,"R$ 125.000,00",No discount price found,No address found
/imovel/df/brasilia/residencial-res-1-vaga-na-garagem-vaga-de-garagem-n-118vaga-de-garagem-n-118-indispon-imovel-caixa-economica-federal-cef-1553417-1555528193818-venda-direta-caixa,"R$ 125.000,00",No discount price found,No address found
/imovel/go/campos-belos/residencial-buritis-4-quartos-1-vaga-na-garagem-2-wc-3-salas-cozinha-imovel-caixa-economica-federal-cef-1552156-1555513653478-venda-direta-caixa,"R$ 125.000,00",No discount price found,No address found
/imovel/go/rio-verde/residencial-residencial-interlagos-3-quartos-4-vagas-na-garagem-2-wc-sala-cozinha-imovel-caixa-economica-federal-cef-1552095-1444411158247-venda-direta-caixa,"R$ 125.000,00",No discount price found,No address found
/imovel/go/goiania/residencial-parque-amazonia-3-quartos-1-vaga-na-garagem-varanda-sacada-area-de-servic-imovel-caixa-economica-federal-cef-1551026-8223400047239-venda-direta-caixa,"R$ 125.000,00",No discount price found,No address found
/imovel/df/brasilia/residencial-ceilandia-norte-ceilandia-o-imovel-possui-212-90m2-de-area-de-nao-averbad-imovel-caixa-economica-federal-cef-1466144-1444401166670-venda-direta-caixa,"R$ 125.000,00",No discount price found,No address found
/imovel/df/brasilia/residencial-setor-industrial-taguatinga-2-quartos-1-vaga-na-garagem-2-wc-sala-cozi-imovel-caixa-economica-federal-cef-1460373-1555534421703-venda-direta-caixa,"R$ 125.000,00",No discount price found,No address found
/imovel/go/porangatu/residencial-jd-brasilia-3-quartos-1-vaga-na-garagem-varanda-sacada-area-de-servico-2-wc-imovel-caixa-economica-federal-cef-1455927-10150112-venda-direta-caixa,"R$ 125.000,00",No discount price found,No address found
/imovel/go/goiania/residencial-setor-pedro-ludovico-2-quartos-area-de-servico-wc-sala-cozinha-imovel-caixa-economica-federal-cef-1455907-1444413141082-venda-direta-caixa,"R$ 125.000,00",No discount price found,No address found
/imovel/go/goiania/residencial-vila-itatiaia-3-quartos-varanda-sacada-area-de-servico-2-wc-wc-emp-sala-imovel-caixa-economica-federal-cef-1413629-1444402621967-venda-direta-caixa,"R$ 125.000,00",No discount price found,No address found
/imovel/go/goiania/residencial-residencial-jardins-do-cerrado-6-3-quartos-2-vagas-na-garagem-area-de-serv-imovel-caixa-economica-federal-cef-1409125-8555526664811-venda-direta-caixa,"R$ 125.000,00",No discount price found,No address found
/imovel/go/goiania/residencial-cond-res-edy-lopes-3-quartos-1-vaga-na-garagem-varanda-sacada-area-de-ser-imovel-caixa-economica-federal-cef-1409119-1444414842580-venda-direta-caixa,"R$ 125.000,00",No discount price found,No address found
/imoveis-springfield,"R$ 125.000,00",No discount price found,No address found
/imovel/df/brasilia/residencial-cond-ipe-amarelo-2-quartos-1-vaga-na-garagem-area-de-servico-wc-sala-c-imovel-caixa-economica-federal-cef-1389961-8787700138874-venda-direta-caixa,"R$ 464.167,30",No discount price found,No address found
/imovel/go/itumbiara/residencial-edificio-trindade-3-quartos-1-vaga-na-garagem-area-de-servico-2-wc-sala-imovel-caixa-economica-federal-cef-1379750-1444410258906-venda-direta-caixa,"R$ 464.167,30",No discount price found,No address found
/imovel/go/valparaiso-de-goias/residencial-valparaiso-ii-3-quartos-area-de-servico-wc-sala-cozinha-imovel-caixa-economica-federal-cef-1379738-1555518443498-venda-direta-caixa,"R$ 464.167,30",No discount price found,No address found
/imovel/go/goiania/residencial-setor-novo-horizonte-3-quartos-1-vaga-na-garagem-area-de-servico-wc-sala-imovel-caixa-economica-federal-cef-1352468-1444403970914-venda-direta-caixa,"R$ 464.167,30",No discount price found,No address found
/imovel/go/caldas-novas/residencial-estancia-itaguai-3-quartos-area-de-servico-2-wc-sala-cozinha-imovel-caixa-economica-federal-cef-1352422-1444408227578-venda-direta-caixa,"R$ 464.167,30",No discount price found,No address found
/imovel/go/trindade/residencial-setor-cristina-ii-expansao-3-quartos-1-vaga-na-garagem-area-de-servico-2-imovel-caixa-economica-federal-cef-1330023-1444407161506-venda-direta-caixa,"R$ 464.167,30",No discount price found,No address found
/imovel/go/aparecida-de-goiania/residencial-mansoes-paraiso-3-quartos-3-vagas-na-garagem-varanda-sacada-area-de-servico-2-imovel-caixa-economica-federal-cef-1139127-10144669-venda-direta-caixa,"R$ 464.167,30",No discount price found,No address found
/imovel/go/cidade-ocidental/residencial-cond-res-green-house-i-2-quartos-1-vaga-na-garagem-varanda-sacada-area-de-imovel-caixa-economica-federal-cef-978381-8444416344144-venda-direta-caixa,"R$ 464.167,30",No discount price found,No address found
/imovel/go/cidade-ocidental/residencial-condominio-residencial-novo-horizonte-a-2-quartos-1-vaga-na-garagem-varanda-imovel-caixa-economica-federal-cef-920282-8787703127806-venda-direta-caixa,"R$ 464.167,30",No discount price found,No address found
/imovel/go/planaltina/residencial-cond-res-madrid-2-quartos-1-vaga-na-garagem-varanda-sacada-wc-sala-cozin-imovel-caixa-economica-federal-cef-895785-8555538251827-venda-direta-caixa,"R$ 464.167,30",No discount price found,No address found
/imovel/df/guara/residencial-ii-2-quartos-varanda-sacada-area-de-servico-wc-wc-emp-sala-cozinha-o-i-imovel-caixa-economica-federal-cef-597490-1444403132609-venda-direta-caixa,"R$ 464.167,30",No discount price found,No address found
/imovel/df/brasilia/outros-setor-oeste-gama-imovel-caixa-economica-federal-cef-882654-10139890-venda-direta-caixa,"R$ 464.167,30",No discount price found,No address found
/imovel/go/santo-antonio-do-descoberto/residencial-parque-santo-antonio-2-quartos-varanda-sacada-area-de-servico-wc-sala-co-imovel-caixa-economica-federal-cef-875584-8444402789890-venda-direta-caixa,"R$ 464.167,30",No discount price found,No address found
/imovel/go/santo-antonio-do-descoberto/residencial-condominio-cleusa-santos-3-quartos-1-vaga-na-garagem-area-de-servico-wc-s-imovel-caixa-economica-federal-cef-609304-8444405871148-venda-direta-caixa,"R$ 464.167,30",No discount price found,No address found
/imovel/go/santo-antonio-do-descoberto/residencial-parque-estrela-dalva-xii-2-quartos-varanda-sacada-area-de-servico-wc-2-sa-imovel-caixa-economica-federal-cef-609300-8444403060258-venda-direta-caixa,"R$ 464.167,30",No discount price found,No address found
/imovel/go/novo-gama/residencial-residencial-america-do-sul-2-quartos-varanda-sacada-area-de-servico-wc-sa-imovel-caixa-economica-federal-cef-542821-8444411305620-venda-direta-caixa,"R$ 464.167,30",No discount price found,No address found
/imovel/go/monte-alegre-de-goias/residencial-mae-marinha-2-quartos-area-de-servico-wc-sala-cozinha-imovel-caixa-economica-federal-cef-439989-8444407436910-venda-direta-caixa,"R$ 464.167,30",No discount price found,No address found
/imovel/go/padre-bernardo/residencial-vila-divineia-2-quartos-area-de-servico-wc-sala-cozinha-imovel-caixa-economica-federal-cef-439980-8444404177248-venda-direta-caixa,"R$ 464.167,30",No discount price found,No address found
/imovel/go/campos-belos/residencial-lot-dom-alano-2-quartos-area-de-servico-wc-sala-cozinha-imovel-caixa-economica-federal-cef-439414-8444407801961-venda-direta-caixa,"R$ 464.167,30",No discount price found,No address found
/imoveis-springfield,"R$ 464.167,30",No discount price found,No address found
/imovel/go/planaltina/residencial-res-jose-pessoa-ii-2-quartos-2-varandas-sacadas-area-de-servico-wc-sala-imovel-caixa-economica-federal-cef-428368-8444403680329-venda-direta-caixa,"R$ 115.735,77",No discount price found,No address found
/imovel/go/planaltina/residencial-jardim-paqueta-ii-2-quartos-area-de-servico-wc-sala-cozinha-imovel-caixa-economica-federal-cef-428359-8444400692016-venda-direta-caixa,"R$ 115.735,77",No discount price found,No address found
/imovel/go/planaltina/residencial-res-vila-2-quartos-area-de-servico-wc-sala-cozinha-1-hall-circulacao-imovel-caixa-economica-federal-cef-424349-8444401292780-venda-direta-caixa,"R$ 115.735,77",No discount price found,No address found
/imovel/go/santo-antonio-do-descoberto/residencial-jardim-ana-beatriz-i-2-quartos-varanda-sacada-area-de-servico-wc-sala-co-imovel-caixa-economica-federal-cef-409960-8444404125256-venda-direta-caixa,"R$ 115.735,77",No discount price found,No address found
/imovel/go/santo-antonio-do-descoberto/residencial-condominio-cleusa-santos-3-quartos-1-vaga-na-garagem-varanda-sacada-area-d-imovel-caixa-economica-federal-cef-409946-8444405891041-venda-direta-caixa,"R$ 115.735,77",No discount price found,No address found
/imovel/go/santo-antonio-do-descoberto/residencial-jardim-ana-beatriz-ii-2-quartos-area-de-servico-wc-sala-cozinha-imovel-caixa-economica-federal-cef-409921-8444405119462-venda-direta-caixa,"R$ 115.735,77",No discount price found,No address found
/imovel/go/santo-antonio-do-descoberto/residencial-jardim-ana-beatriz-ii-2-quartos-varanda-sacada-area-de-servico-wc-sala-c-imovel-caixa-economica-federal-cef-409911-8555517832375-venda-direta-caixa,"R$ 115.735,77",No discount price found,No address found
/imovel/go/santo-antonio-do-descoberto/residencial-jardim-ana-beatriz-i-2-quartos-area-de-servico-wc-sala-cozinha-imovel-caixa-economica-federal-cef-409896-8444406224928-venda-direta-caixa,"R$ 115.735,77",No discount price found,No address found
/imovel/go/luziania/residencial-cond-residencial-morada-sul-iii-2-quartos-varanda-sacada-area-de-servico-w-imovel-caixa-economica-federal-cef-396307-8444401003354-venda-direta-caixa,"R$ 115.735,77",No discount price found,No address found
/imovel/go/santo-antonio-do-descoberto/residencial-jardim-ana-beatriz-i-2-quartos-1-vaga-na-garagem-varanda-sacada-area-de-se-imovel-caixa-economica-federal-cef-396258-8444402169426-venda-direta-caixa,"R$ 115.735,77",No discount price found,No address found
/imovel/go/santo-antonio-do-descoberto/residencial-parque-estrela-dalva-xii-2-quartos-varanda-sacada-area-de-servico-wc-sala-imovel-caixa-economica-federal-cef-369840-8444411967143-venda-direta-caixa,"R$ 115.735,77",No discount price found,No address found
/imovel/go/planaltina/residencial-cond-tm-torres-ii-2-quartos-1-vaga-na-garagem-varanda-sacada-area-de-servi-imovel-caixa-economica-federal-cef-369808-8444411494440-venda-direta-caixa,"R$ 115.735,77",No discount price found,No address found
/imovel/go/planaltina/residencial-setor-oeste-3-quartos-area-de-servico-wc-sala-cozinha-imovel-caixa-economica-federal-cef-369800-8444409349993-venda-direta-caixa,"R$ 115.735,77",No discount price found,No address found
/imovel/go/santo-antonio-do-descoberto/residencial-fazenda-capoeirinha-2-quartos-1-vaga-na-garagem-varanda-sacada-area-de-ser-imovel-caixa-economica-federal-cef-361978-8444403884013-venda-direta-caixa,"R$ 115.735,77",No discount price found,No address found
/imovel/go/planaltina/residencial-setor-oeste-2-quartos-2-varandas-sacadas-area-de-servico-wc-sala-area-na-imovel-caixa-economica-federal-cef-278751-8444406354546-venda-direta-caixa,"R$ 115.735,77",No discount price found,No address found
/imovel/go/santo-antonio-do-descoberto/residencial-parque-estrela-dalva-xi-3-quartos-varanda-sacada-area-de-servico-2-wc-sal-imovel-caixa-economica-federal-cef-278709-1555520360081-venda-direta-caixa,"R$ 115.735,77",No discount price found,No address found
/imovel/go/aguas-lindas-de-goias/residencial-cond-res-luana-2-quartos-1-vaga-na-garagem-varanda-sacada-area-de-servic-imovel-caixa-economica-federal-cef-278537-8444416488332-venda-direta-caixa,"R$ 115.735,77",No discount price found,No address found
/imovel/go/cocalzinho-de-goias/residencial-loteamento-girassol-residencial-2-quartos-wc-sala-cozinha-imovel-caixa-economica-federal-cef-272735-8444408193183-venda-direta-caixa,"R$ 115.735,77",No discount price found,No address found
/imovel/go/padre-bernardo/residencial-centro-3-quartos-1-vaga-na-garagem-varanda-sacada-area-de-servico-wc-sal-imovel-caixa-economica-federal-cef-272135-8555515730869-venda-direta-caixa,"R$ 115.735,77",No discount price found,No address found
/imoveis-springfield,"R$ 115.735,77",No discount price found,No address found
/imovel/go/padre-bernardo/residencial-vila-divineia-2-quartos-2-vagas-na-garagem-2-varandas-sacadas-area-de-serv-imovel-caixa-economica-federal-cef-272091-8444404423877-venda-direta-caixa,"R$ 131.500,00",No discount price found,No address found
/imovel/go/santo-antonio-do-descoberto/residencial-lot-jd-ana-beatriz-ii-2-quartos-varanda-sacada-area-de-servico-wc-sala-c-imovel-caixa-economica-federal-cef-271780-8444400880211-venda-direta-caixa,"R$ 131.500,00",No discount price found,No address found
/imovel/go/santo-antonio-do-descoberto/residencial-jardim-ana-beatriz-i-2-quartos-varanda-sacada-area-de-servico-wc-sala-co-imovel-caixa-economica-federal-cef-271764-8444404635947-venda-direta-caixa,"R$ 131.500,00",No discount price found,No address found
/imovel/go/planaltina/residencial-brasilinha-17-3-quartos-wc-sala-cozinha-imovel-possui-situacao-restritiva-imovel-caixa-economica-federal-cef-271576-8444404137505-venda-direta-caixa,"R$ 131.500,00",No discount price found,No address found
/imovel/go/santo-antonio-do-descoberto/residencial-lot-jd-ana-beatriz-ii-2-quartos-varanda-sacada-area-de-servico-wc-sala-c-imovel-caixa-economica-federal-cef-271539-8555510829387-venda-direta-caixa,"R$ 131.500,00",No discount price found,No address found
/imovel/go/santo-antonio-do-descoberto/residencial-parque-santo-antonio-2-quartos-varanda-sacada-area-de-servico-wc-sala-co-imovel-caixa-economica-federal-cef-271508-8444407695320-venda-direta-caixa,"R$ 131.500,00",No discount price found,No address found
/imovel/go/planaltina/residencial-cond-res-ribeiro-3-quartos-1-vaga-na-garagem-area-de-servico-wc-sala-c-imovel-caixa-economica-federal-cef-271439-8444410924637-venda-direta-caixa,"R$ 131.500,00",No discount price found,No address found
/imovel/go/planaltina/residencial-3-quartos-area-de-servico-wc-sala-cozinha-imovel-caixa-economica-federal-cef-271396-8555513446330-venda-direta-caixa,"R$ 131.500,00",No discount price found,No address found
/imovel/go/planaltina/residencial-res-caio-2-quartos-varanda-sacada-wc-sala-cozinha-imovel-caixa-economica-federal-cef-271340-8444404621555-venda-direta-caixa,"R$ 131.500,00",No discount price found,No address found
/imovel/go/planaltina/residencial-cond-tm-torres-ii-2-quartos-varanda-sacada-area-de-servico-wc-sala-cozin-imovel-caixa-economica-federal-cef-271181-8444410306810-venda-direta-caixa,"R$ 131.500,00",No discount price found,No address found
/imovel/go/aguas-lindas-de-goias/residencial-cond-res-dom-gabriel-ii-2-quartos-1-vaga-na-garagem-area-de-servico-wc-imovel-caixa-economica-federal-cef-270240-8444414915284-venda-direta-caixa,"R$ 131.500,00",No discount price found,No address found
/imovel/go/aguas-lindas-de-goias/residencial-parque-da-barragem-setor-07-3-quartos-2-varandas-sacadas-wc-sala-cozinha-imovel-caixa-economica-federal-cef-269961-8444410688461-venda-direta-caixa,"R$ 131.500,00",No discount price found,No address found
/imovel/go/aguas-lindas-de-goias/residencial-res-malibu-ii-2-quartos-2-varandas-sacadas-area-de-servico-wc-sala-cozi-imovel-caixa-economica-federal-cef-269956-8444416424873-venda-direta-caixa,"R$ 131.500,00",No discount price found,No address found
/imovel/go/aguas-lindas-de-goias/residencial-mansoes-imperatriz-2-quartos-varanda-sacada-area-de-servico-wc-sala-cozi-imovel-caixa-economica-federal-cef-269831-8555505303275-venda-direta-caixa,"R$ 131.500,00",No discount price found,No address found
/imovel/go/aguas-lindas-de-goias/residencial-cond-res-imperatriz-ester-ii-2-quartos-1-vaga-na-garagem-varanda-sacada-imovel-caixa-economica-federal-cef-269757-8444410151000-venda-direta-caixa,"R$ 131.500,00",No discount price found,No address found
/imovel/go/luziania/residencial-casa-residencial-setor-viegas-4-dormitorio-s-4-vaga-s-de-garagem-desocupado-imovel-1555549,"R$ 131.500,00",No discount price found,No address found
/imovel/go/cidade-ocidental/residencial-cond-res-pernambuco-2-quartos-1-vaga-na-garagem-area-de-servico-wc-sala-imovel-caixa-economica-federal-cef-1555284-8444419513958-venda-direta-caixa,"R$ 131.500,00",No discount price found,No address found
/imovel/go/aguas-lindas-de-goias/residencial-cond-residencial-premiere-iv-2-quartos-1-vaga-na-garagem-area-de-servico-imovel-caixa-economica-federal-cef-1553476-8444426105355-venda-direta-caixa,"R$ 131.500,00",No discount price found,No address found
/imovel/go/aguas-lindas-de-goias/residencial-cond-residencial-guarajuba-iv-2-quartos-1-vaga-na-garagem-area-de-servico-imovel-caixa-economica-federal-cef-1553475-8444419563432-venda-direta-caixa,"R$ 131.500,00",No discount price found,No address found
/imoveis-springfield,"R$ 131.500,00",No discount price found,No address found
/imovel/go/aguas-lindas-de-goias/residencial-res-2-quartos-varanda-sacada-area-de-servico-2-wc-sala-cozinha-imovel-caixa-economica-federal-cef-1553473-8444421456990-venda-direta-caixa,,No discount price found,No address found
/imovel/go/aguas-lindas-de-goias/residencial-res-2-quartos-1-vaga-na-garagem-varanda-sacada-area-de-servico-wc-sala-imovel-caixa-economica-federal-cef-1553471-8555536963803-venda-direta-caixa,,No discount price found,No address found
/imovel/go/aguas-lindas-de-goias/residencial-residencial-turquesa-2-quartos-1-vaga-na-garagem-area-de-servico-wc-sala-imovel-caixa-economica-federal-cef-1553469-8444422866505-venda-direta-caixa,,No discount price found,No address found
/imovel/go/aguas-lindas-de-goias/residencial-residencial-costa-do-sauipe-ix-2-quartos-area-de-servico-wc-sala-cozinha-imovel-caixa-economica-federal-cef-1553468-8444420421751-venda-direta-caixa,,No discount price found,No address found
/imovel/go/cidade-ocidental/residencial-residencial-geometrica-vi-2-quartos-1-vaga-na-garagem-area-de-servico-wc-imovel-caixa-economica-federal-cef-1553461-8444425444474-venda-direta-caixa,,No discount price found,No address found
/imovel/go/cidade-ocidental/residencial-cond-residencial-atual-viii-2-quartos-1-vaga-na-garagem-area-de-servico-w-imovel-caixa-economica-federal-cef-1553458-8444425558143-venda-direta-caixa,,No discount price found,No address found
/imovel/go/goiania/residencial-res-2-quartos-wc-sala-cozinha-imovel-caixa-economica-federal-cef-1553457-8444413887589-venda-direta-caixa,,No discount price found,No address found
/imovel/go/goiania/residencial-condominio-residencial-higor-maikel-leal-ii-2-quartos-2-vagas-na-garagem-w-imovel-caixa-economica-federal-cef-1553455-8555506731815-venda-direta-caixa,,No discount price found,No address found
/imovel/go/goiania/residencial-res-3-quartos-2-vagas-na-garagem-2-wc-sala-cozinha-imovel-caixa-economica-federal-cef-1553454-8555516435569-venda-direta-caixa,,No discount price found,No address found
/imovel/go/goiania/residencial-ed-morada-goia-i-2-quartos-1-vaga-na-garagem-wc-sala-cozinha-imovel-caixa-economica-federal-cef-1553453-8787709307792-venda-direta-caixa,,No discount price found,No address found
/imovel/go/inhumas/residencial-cond-residencial-crm-2-quartos-1-vaga-na-garagem-area-de-servico-wc-sala-imovel-caixa-economica-federal-cef-1553451-8444422538613-venda-direta-caixa,,No discount price found,No address found
/imovel/go/inhumas/residencial-residencial-atlantida-2-quartos-1-vaga-na-garagem-wc-sala-cozinha-imovel-caixa-economica-federal-cef-1553450-8787703068389-venda-direta-caixa,,No discount price found,No address found
/imovel/go/inhumas/residencial-loteamento-residencial-atlantida-2-quartos-1-vaga-na-garagem-area-de-servi-imovel-caixa-economica-federal-cef-1553449-8787702602900-venda-direta-caixa,,No discount price found,No address found
/imovel/go/luziania/residencial-cond-residencial-art-borges-wanderley-3-quartos-1-vaga-na-garagem-area-de-imovel-caixa-economica-federal-cef-1553448-8444423676203-venda-direta-caixa,,No discount price found,No address found
/imovel/go/luziania/residencial-residencial-imperio-parc-i-2-quartos-1-vaga-na-garagem-area-de-servico-wc-imovel-caixa-economica-federal-cef-1553447-8444424720095-venda-direta-caixa,,No discount price found,No address found
/imovel/go/luziania/residencial-cond-vila-dalva-iii-2-quartos-1-vaga-na-garagem-area-de-servico-wc-sala-imovel-caixa-economica-federal-cef-1553446-8444401517358-venda-direta-caixa,,No discount price found,No address found
/imovel/go/luziania/residencial-conquista-residencial-ville-quadra-08-2-quartos-wc-sala-cozinha-imovel-caixa-economica-federal-cef-1553445-8787707621880-venda-direta-caixa,,No discount price found,No address found
/imovel/go/luziania/residencial-res-2-quartos-1-vaga-na-garagem-varanda-sacada-area-de-servico-wc-sala-imovel-caixa-economica-federal-cef-1553444-8444422466000-venda-direta-caixa,,No discount price found,No address found
/imovel/go/novo-gama/residencial-cond-res-alphaville-paiva-2-quartos-1-vaga-na-garagem-varanda-sacada-area-imovel-caixa-economica-federal-cef-1553440-8444408983435-venda-direta-caixa,,No discount price found,No address found
/imoveis-springfield,,No discount price found,No address found
/imovel/go/planaltina/residencial-cond-graziela-2-quartos-2-varandas-sacadas-wc-sala-cozinha-imovel-caixa-economica-federal-cef-1553439-8444403556768-venda-direta-caixa,,No discount price found,No address found
/imovel/go/planaltina/residencial-cond-fernandes-ii-2-quartos-2-wc-sala-cozinha-imovel-caixa-economica-federal-cef-1553435-8444414124686-venda-direta-caixa,,No discount price found,No address found
/imovel/go/planaltina/residencial-condominio-residencial-menezes-2-quartos-1-vaga-na-garagem-varanda-sacada-imovel-caixa-economica-federal-cef-1553432-8444421771489-venda-direta-caixa,,No discount price found,No address found
/imovel/go/planaltina/residencial-condominio-residencial-barra-iii-2-quartos-area-de-servico-wc-sala-cozin-imovel-caixa-economica-federal-cef-1553431-8444426743360-venda-direta-caixa,,No discount price found,No address found
/imovel/go/planaltina/residencial-residencial-colibri-2-quartos-1-vaga-na-garagem-area-de-servico-wc-sala-imovel-caixa-economica-federal-cef-1553429-8555520331071-venda-direta-caixa,,No discount price found,No address found
/imovel/go/trindade/residencial-cond-residencial-idalina-dos-anjos-iii-quarto-1-vaga-na-garagem-area-de-se-imovel-caixa-economica-federal-cef-1553428-8444420151509-venda-direta-caixa,,No discount price found,No address found
/imovel/go/trindade/residencial-cond-residencial-cairo-ii-2-quartos-1-vaga-na-garagem-varanda-sacada-area-imovel-caixa-economica-federal-cef-1553425-8444420951084-venda-direta-caixa,,No discount price found,No address found
/imovel/go/trindade/residencial-cond-residencial-mr2-marcelo-cunha-5-2-quartos-1-vaga-na-garagem-varanda-s-imovel-caixa-economica-federal-cef-1553424-8444423122798-venda-direta-caixa,,No discount price found,No address found
/imovel/go/trindade/residencial-cod-residencial-nogueira-iv-2-quartos-area-de-servico-wc-sala-cozinha-imovel-caixa-economica-federal-cef-1553423-8444413596053-venda-direta-caixa,,No discount price found,No address found
/imovel/go/trindade/residencial-cond-residencial-serra-branca-ii-quarto-1-vaga-na-garagem-area-de-servico-imovel-caixa-economica-federal-cef-1553422-8787702265903-venda-direta-caixa,,No discount price found,No address found
/imovel/go/uruacu/residencial-residencial-dom-jose-da-silva-chaves-3-quartos-1-vaga-na-garagem-wc-sala-imovel-caixa-economica-federal-cef-1553421-8787700960868-venda-direta-caixa,,No discount price found,No address found
/imovel/go/valparaiso-de-goias/residencial-condominio-residencial-exodo-i-2-quartos-1-vaga-na-garagem-varanda-sacada-imovel-caixa-economica-federal-cef-1553419-8444424105285-venda-direta-caixa,,No discount price found,No address found
/imovel/df/gama/residencial-apartamento-residencial-setor-central-4-dormitorio-s-1-vaga-s-de-garagem-desocupado-imovel-1553093,,No discount price found,No address found
/imovel/go/aguas-lindas-de-goias/residencial-res-mandacaru-2-quartos-1-vaga-na-garagem-wc-sala-cozinha-imovel-caixa-economica-federal-cef-1552161-8444419879006-venda-direta-caixa,,No discount price found,No address found
/imovel/go/aguas-lindas-de-goias/residencial-res-citylife-iii-2-quartos-wc-sala-cozinha-imovel-caixa-economica-federal-cef-1552160-8444418448338-venda-direta-caixa,,No discount price found,No address found
/imovel/go/campos-belos/residencial-setor-vila-baiana-2-quartos-1-vaga-na-garagem-area-de-servico-wc-2-salas-imovel-caixa-economica-federal-cef-1552155-1444400066923-venda-direta-caixa,,No discount price found,No address found
/imovel/go/cidade-ocidental/residencial-cond-res-carvalho-2-quartos-1-vaga-na-garagem-wc-sala-cozinha-imovel-caixa-economica-federal-cef-1552153-8444415820244-venda-direta-caixa,,No discount price found,No address found
/imovel/go/cidade-ocidental/residencial-res-matteo-2-quartos-1-vaga-na-garagem-wc-sala-cozinha-imovel-caixa-economica-federal-cef-1552149-8444423185137-venda-direta-caixa,,No discount price found,No address found
/imovel/go/cidade-ocidental/residencial-res-matteo-2-quartos-1-vaga-na-garagem-wc-sala-cozinha-imovel-caixa-economica-federal-cef-1552148-8444423747615-venda-direta-caixa,,No discount price found,No address found
/imoveis-springfield,,No discount price found,No address found
/imovel/go/cidade-ocidental/residencial-res-alvorada-v-2-quartos-1-vaga-na-garagem-area-de-servico-wc-sala-cozi-imovel-caixa-economica-federal-cef-1552147-8787706999693-venda-direta-caixa,,No discount price found,No address found
/imovel/go/cidade-ocidental/residencial-rossi-ideal-alto-do-lago-i-2-quartos-area-de-servico-wc-sala-cozinha-imovel-caixa-economica-federal-cef-1552145-8555527478140-venda-direta-caixa,,No discount price found,No address found
/imovel/go/luziania/residencial-cond-res-art-hyte-iv-2-quartos-1-vaga-na-garagem-wc-sala-cozinha-imovel-caixa-economica-federal-cef-1552118-8444426228368-venda-direta-caixa,,No discount price found,No address found
/imovel/go/morrinhos/residencial-res-cristina-park-ii-3-quartos-1-vaga-na-garagem-area-de-servico-2-wc-sa-imovel-caixa-economica-federal-cef-1552111-1444406760317-venda-direta-caixa,,No discount price found,No address found
/imovel/go/planaltina/residencial-lot-parque-sol-nascente-ii-2-quartos-area-de-servico-2-wc-sala-cozinha-imovel-caixa-economica-federal-cef-1552102-8555515495703-venda-direta-caixa,,No discount price found,No address found
/imovel/go/rialma/residencial-res-com-parque-real-2-quartos-1-vaga-na-garagem-area-de-servico-wc-sala-imovel-caixa-economica-federal-cef-1552096-8444411333012-venda-direta-caixa,,No discount price found,No address found
/imovel/go/sao-miguel-do-araguaia/residencial-lot-expansao-setor-bela-vista-2-quartos-2-wc-sala-cozinha-imovel-caixa-economica-federal-cef-1552092-8444405324341-venda-direta-caixa,,No discount price found,No address found
/imovel/go/valparaiso-de-goias/residencial-res-mcastro-iv-2-quartos-1-vaga-na-garagem-wc-sala-cozinha-imovel-caixa-economica-federal-cef-1552084-8787705641779-venda-direta-caixa,,No discount price found,No address found
/imovel/go/valparaiso-de-goias/residencial-cond-res-cartagena-2-quartos-1-vaga-na-garagem-wc-sala-cozinha-imovel-caixa-economica-federal-cef-1552082-8444425152112-venda-direta-caixa,,No discount price found,No address found
/imovel/go/valparaiso-de-goias/residencial-cond-rossi-parque-nova-cidade-etapa-1-2-quartos-area-de-servico-wc-sala-imovel-caixa-economica-federal-cef-1552079-8555524390900-venda-direta-caixa,,No discount price found,No address found
/imovel/go/valparaiso-de-goias/residencial-cond-res-jade-2-quartos-1-vaga-na-garagem-wc-sala-cozinha-imovel-caixa-economica-federal-cef-1552074-8555523106567-venda-direta-caixa,,No discount price found,No address found
/imovel/go/valparaiso-de-goias/residencial-res-italia-iv-2-quartos-wc-sala-cozinha-imovel-caixa-economica-federal-cef-1552073-8444415380422-venda-direta-caixa,,No discount price found,No address found
/imovel/go/valparaiso-de-goias/residencial-cond-res-canela-2-quartos-1-vaga-na-garagem-wc-sala-cozinha-imovel-caixa-economica-federal-cef-1552072-8555518530909-venda-direta-caixa,,No discount price found,No address found
/imovel/go/valparaiso-de-goias/residencial-cond-flores-do-vale-3-quartos-2-vagas-na-garagem-2-wc-sala-cozinha-imovel-caixa-economica-federal-cef-1552070-8555531943278-venda-direta-caixa,,No discount price found,No address found
/imovel/go/acreuna/residencial-loteamento-setor-canada-3-quartos-1-vaga-na-garagem-area-de-servico-wc-s-imovel-caixa-economica-federal-cef-1551004-8056600014192-venda-direta-caixa,,No discount price found,No address found
/imovel/go/anapolis/residencial-condominio-residencial-arcos-do-campo-2-quartos-1-vaga-na-garagem-area-de-imovel-caixa-economica-federal-cef-1549892-1787700767369-venda-direta-caixa,,No discount price found,No address found
/imovel/go/campos-belos/residencial-2-quartos-1-vaga-na-garagem-area-de-servico-wc-sala-cozinha-imovel-caixa-economica-federal-cef-1549837-1444401167456-venda-direta-caixa,,No discount price found,No address found
/imovel/go/campos-belos/residencial-2-quartos-1-vaga-na-garagem-wc-sala-cozinha-imovel-caixa-economica-federal-cef-1549836-8444404092471-venda-direta-caixa,,No discount price found,No address found
/imovel/go/campos-belos/residencial-2-quartos-1-vaga-na-garagem-wc-sala-cozinha-imovel-caixa-economica-federal-cef-1549835-8444401681182-venda-direta-caixa,,No discount price found,No address found
/imoveis-springfield,,No discount price found,No address found
/imovel/go/campos-belos/residencial-3-quartos-wc-sala-cozinha-imovel-caixa-economica-federal-cef-1549834-8555513497385-venda-direta-caixa,"R$ 110.000,00",No discount price found,No address found
/imovel/go/campos-belos/residencial-2-quartos-1-vaga-na-garagem-wc-sala-cozinha-imovel-caixa-economica-federal-cef-1549833-8555512054617-venda-direta-caixa,"R$ 110.000,00",No discount price found,No address found
/imovel/go/campos-belos/residencial-setor-industrial-2-quartos-1-vaga-na-garagem-area-de-servico-wc-sala-co-imovel-caixa-economica-federal-cef-1549832-1444400417297-venda-direta-caixa,"R$ 110.000,00",No discount price found,No address found
/imovel/go/campos-belos/residencial-setor-industrial-3-quartos-1-vaga-na-garagem-varanda-sacada-area-de-servi-imovel-caixa-economica-federal-cef-1549831-1444400594385-venda-direta-caixa,"R$ 110.000,00",No discount price found,No address found
/imovel/go/alexania/residencial-2-quartos-area-de-servico-wc-sala-cozinha-imovel-caixa-economica-federal-cef-1549830-8555505372315-venda-direta-caixa,"R$ 110.000,00",No discount price found,No address found
/imovel/go/aguas-lindas-de-goias/residencial-cond-res-manzotte-e-curvo-2-quartos-1-vaga-na-garagem-area-de-servico-wc-imovel-caixa-economica-federal-cef-1549829-8444424715202-venda-direta-caixa,"R$ 110.000,00",No discount price found,No address found
/imovel/go/abadia-de-goias/residencial-centro-2-quartos-1-vaga-na-garagem-wc-sala-cozinha-imovel-caixa-economica-federal-cef-1549828-8444403577234-venda-direta-caixa,"R$ 110.000,00",No discount price found,No address found
/imovel/df/brasilia/outros-ed-3-quartos-2-wc-sala-cozinha-imovel-caixa-economica-federal-cef-1548849-1444407401639-venda-direta-caixa,"R$ 110.000,00",No discount price found,No address found
/imovel/go/luziania/residencial-cond-sao-vicente-xlv-2-quartos-area-de-servico-wc-sala-cozinha-imovel-caixa-economica-federal-cef-1547421-8444426818254-venda-direta-caixa,"R$ 110.000,00",No discount price found,No address found
/imovel/go/campos-belos/residencial-lot-dom-alano-2-quartos-1-vaga-na-garagem-area-de-servico-wc-sala-cozin-imovel-caixa-economica-federal-cef-1466164-8444408548445-venda-direta-caixa,"R$ 110.000,00",No discount price found,No address found
/imovel/go/campos-belos/residencial-setor-bem-bom-2-quartos-area-de-servico-wc-sala-cozinha-imovel-caixa-economica-federal-cef-1466163-8444403728194-venda-direta-caixa,"R$ 110.000,00",No discount price found,No address found
/imovel/go/silvania/residencial-sao-sebastiao-2-quartos-1-vaga-na-garagem-area-de-servico-wc-sala-cozin-imovel-caixa-economica-federal-cef-1466162-8444409970760-venda-direta-caixa,"R$ 110.000,00",No discount price found,No address found
/imovel/go/caldas-novas/residencial-jardim-esmeralda-2-quartos-varanda-sacada-area-de-servico-2-wc-sala-coz-imovel-caixa-economica-federal-cef-1466160-8444411177770-venda-direta-caixa,"R$ 110.000,00",No discount price found,No address found
/imovel/go/cidade-ocidental/residencial-cond-res-park-ibiza-i-2-quartos-1-vaga-na-garagem-wc-sala-cozinha-imovel-caixa-economica-federal-cef-1466159-8787710360251-venda-direta-caixa,"R$ 110.000,00",No discount price found,No address found
/imovel/go/luziania/residencial-cond-maria-madalena-caixeta-2-quartos-1-vaga-na-garagem-area-de-servico-w-imovel-caixa-economica-federal-cef-1466158-8444401001190-venda-direta-caixa,"R$ 110.000,00",No discount price found,No address found
/imovel/go/luziania/residencial-cond-res-sarmento-i-2-quartos-1-vaga-na-garagem-varanda-sacada-area-de-se-imovel-caixa-economica-federal-cef-1466157-8444400465257-venda-direta-caixa,"R$ 110.000,00",No discount price found,No address found
/imovel/go/luziania/residencial-cond-maragogi-i-2-quartos-1-vaga-na-garagem-2-wc-sala-cozinha-um-dos-qu-imovel-caixa-economica-federal-cef-1466156-8555518928155-venda-direta-caixa,"R$ 110.000,00",No discount price found,No address found
/imovel/go/luziania/residencial-cond-res-ad-iii-2-quartos-1-vaga-na-garagem-varanda-sacada-area-de-servic-imovel-caixa-economica-federal-cef-1466155-8555519333104-venda-direta-caixa,"R$ 110.000,00",No discount price found,No address found
/imovel/go/caldas-novas/residencial-residencial-recanto-das-aguas-2-quartos-1-vaga-na-garagem-area-de-servico-imovel-caixa-economica-federal-cef-1466153-8444421219018-venda-direta-caixa,"R$ 110.000,00",No discount price found,No address found
/imoveis-springfield,"R$ 110.000,00",No discount price found,No address found
/imovel/go/planaltina/residencial-setor-norte-2-quartos-varanda-sacada-area-de-servico-wc-sala-cozinha-imovel-caixa-economica-federal-cef-1466151-8555514100187-venda-direta-caixa,"R$ 113.000,00",No discount price found,No address found
/imovel/go/aguas-lindas-de-goias/residencial-camping-clube-2-quartos-area-de-servico-wc-sala-cozinha-imovel-caixa-economica-federal-cef-1466150-8555503748881-venda-direta-caixa,"R$ 113.000,00",No discount price found,No address found
/imovel/go/aguas-lindas-de-goias/residencial-residencial-petrolina-2-quartos-area-de-servico-wc-cozinha-imovel-caixa-economica-federal-cef-1466149-8444404227857-venda-direta-caixa,"R$ 113.000,00",No discount price found,No address found
/imovel/go/valparaiso-de-goias/residencial-residencial-royal-valparaiso-2-quartos-area-de-servico-wc-sala-cozinha-imovel-caixa-economica-federal-cef-1466148-8787708016662-venda-direta-caixa,"R$ 113.000,00",No discount price found,No address found
/imovel/go/aguas-lindas-de-goias/residencial-cond-res-paulinelli-2-quartos-2-varandas-sacadas-area-de-servico-wc-sala-imovel-caixa-economica-federal-cef-1466147-8444424879086-venda-direta-caixa,"R$ 113.000,00",No discount price found,No address found
/imovel/go/valparaiso-de-goias/residencial-cond-res-imperio-2-quartos-1-vaga-na-garagem-area-de-servico-wc-sala-co-imovel-caixa-economica-federal-cef-1466146-8787700394862-venda-direta-caixa,"R$ 113.000,00",No discount price found,No address found
/imovel/go/valparaiso-de-goias/residencial-cond-res-esmeralda-ville-2-quartos-1-vaga-na-garagem-area-de-servico-wc-imovel-caixa-economica-federal-cef-1466145-8787700101067-venda-direta-caixa,"R$ 113.000,00",No discount price found,No address found
/imovel/df/brasilia/residencial-setor-industrial-taguatinga-2-quartos-1-vaga-na-garagem-area-de-servico-imovel-caixa-economica-federal-cef-1466143-1555530297161-venda-direta-caixa,"R$ 113.000,00",No discount price found,No address found
/imovel/go/campos-belos/residencial-setor-vila-baiana-2-quartos-varanda-sacada-area-de-servico-wc-sala-cozi-imovel-caixa-economica-federal-cef-1460339-8444403605700-venda-direta-caixa,"R$ 113.000,00",No discount price found,No address found
/imovel/go/campos-belos/residencial-st-bom-retiro-2-quartos-1-vaga-na-garagem-area-de-servico-wc-sala-cozi-imovel-caixa-economica-federal-cef-1460338-8444405514256-venda-direta-caixa,"R$ 113.000,00",No discount price found,No address found
/imovel/go/goiania/residencial-condominio-residencial-parque-gran-viena-2-quartos-1-vaga-na-garagem-area-imovel-caixa-economica-federal-cef-1460337-8787700888458-venda-direta-caixa,"R$ 113.000,00",No discount price found,No address found
/imovel/go/cidade-ocidental/residencial-condominio-residencial-sao-marcos-2-quartos-1-vaga-na-garagem-area-de-serv-imovel-caixa-economica-federal-cef-1460336-8787705523520-venda-direta-caixa,"R$ 113.000,00",No discount price found,No address found
/imovel/go/cidade-ocidental/residencial-cond-res-ibiza-2-quartos-1-vaga-na-garagem-varanda-sacada-area-de-servico-imovel-caixa-economica-federal-cef-1460335-8787705543700-venda-direta-caixa,"R$ 113.000,00",No discount price found,No address found
/imovel/go/cidade-ocidental/residencial-cond-res-fmello-2-quartos-area-de-servico-wc-sala-cozinha-imovel-caixa-economica-federal-cef-1460334-8444403993173-venda-direta-caixa,"R$ 113.000,00",No discount price found,No address found
/imovel/go/goiania/residencial-cond-res-nossa-senhora-da-boa-nova-2-quartos-area-de-servico-2-wc-sala-c-imovel-caixa-economica-federal-cef-1460332-1444417034000-venda-direta-caixa,"R$ 113.000,00",No discount price found,No address found
/imovel/go/goiania/residencial-cond-rossi-ideal-brisas-2-quartos-1-vaga-na-garagem-area-de-servico-wc-imovel-caixa-economica-federal-cef-1460331-8555525686064-venda-direta-caixa,"R$ 113.000,00",No discount price found,No address found
/imovel/go/goiania/residencial-cond-res-gran-viena-2-quartos-1-vaga-na-garagem-area-de-servico-wc-sala-imovel-caixa-economica-federal-cef-1460330-8787700792892-venda-direta-caixa,"R$ 113.000,00",No discount price found,No address found
/imovel/go/goiania/residencial-cond-res-portal-almeida-alves-residenci-2-quartos-area-de-servico-2-wc-sa-imovel-caixa-economica-federal-cef-1460329-1444414783908-venda-direta-caixa,"R$ 113.000,00",No discount price found,No address found
/imovel/go/goianira/residencial-cond-res-bromelias-vi-2-quartos-1-vaga-na-garagem-area-de-servico-2-wc-s-imovel-caixa-economica-federal-cef-1460328-8444417542055-venda-direta-caixa,"R$ 113.000,00",No discount price found,No address found
/imoveis-springfield,"R$ 113.000,00",No discount price found,No address found
/imovel/go/luziania/residencial-condominio-inga-residencial-estilo-i-2-quartos-1-vaga-na-garagem-area-de-s-imovel-caixa-economica-federal-cef-1460327-8444402480482-venda-direta-caixa,"R$ 127.000,00",No discount price found,No address found
/imovel/go/luziania/residencial-cond-pedroza-filho-2-quartos-1-vaga-na-garagem-wc-sala-cozinha-imovel-caixa-economica-federal-cef-1460325-8555518411241-venda-direta-caixa,"R$ 127.000,00",No discount price found,No address found
/imovel/go/luziania/residencial-cond-sao-paulo-ii-2-quartos-1-vaga-na-garagem-varanda-sacada-area-de-serv-imovel-caixa-economica-federal-cef-1460324-8444402152922-venda-direta-caixa,"R$ 127.000,00",No discount price found,No address found
/imovel/go/luziania/residencial-parque-estrela-dalva-ix-2-quartos-wc-sala-cozinha-imovel-caixa-economica-federal-cef-1460322-8444406530166-venda-direta-caixa,"R$ 127.000,00",No discount price found,No address found
/imovel/go/luziania/residencial-sao-caetano-2-quartos-area-de-servico-wc-sala-cozinha-imovel-caixa-economica-federal-cef-1460321-8444404142673-venda-direta-caixa,"R$ 127.000,00",No discount price found,No address found
/imovel/go/planaltina/residencial-cond-res-sol-nascente-2-quartos-area-de-servico-wc-sala-cozinha-imovel-caixa-economica-federal-cef-1460320-8444420990454-venda-direta-caixa,"R$ 127.000,00",No discount price found,No address found
/imovel/go/trindade/residencial-condominio-residencial-mega-xxxii-2-quartos-1-vaga-na-garagem-area-de-serv-imovel-caixa-economica-federal-cef-1460319-8444421393409-venda-direta-caixa,"R$ 127.000,00",No discount price found,No address found
/imovel/go/aguas-lindas-de-goias/residencial-ed-cond-res-pinheiro-prime-2-quartos-area-de-servico-wc-sala-cozinha-imovel-caixa-economica-federal-cef-1460317-8444418548162-venda-direta-caixa,"R$ 127.000,00",No discount price found,No address found
/imovel/go/valparaiso-de-goias/residencial-res-levanzo-2-quartos-area-de-servico-wc-sala-cozinha-imovel-caixa-economica-federal-cef-1460316-8787712167629-venda-direta-caixa,"R$ 127.000,00",No discount price found,No address found
/imovel/go/valparaiso-de-goias/residencial-cond-res-portal-dos-ipes-2-quartos-1-vaga-na-garagem-wc-sala-cozinha-imovel-caixa-economica-federal-cef-1460315-8555522152867-venda-direta-caixa,"R$ 127.000,00",No discount price found,No address found
/imovel/go/valparaiso-de-goias/residencial-residencial-royal-valparaiso-2-quartos-varanda-sacada-area-de-servico-wc-imovel-caixa-economica-federal-cef-1460314-8787708570961-venda-direta-caixa,"R$ 127.000,00",No discount price found,No address found
/imovel/go/valparaiso-de-goias/residencial-varandas-paraiso-ii-2-quartos-1-vaga-na-garagem-varanda-sacada-area-de-se-imovel-caixa-economica-federal-cef-1460313-8787702063138-venda-direta-caixa,"R$ 127.000,00",No discount price found,No address found
/imovel/go/valparaiso-de-goias/residencial-condominio-residencial-jerusalem-2-quartos-1-vaga-na-garagem-wc-sala-coz-imovel-caixa-economica-federal-cef-1460312-8555526497800-venda-direta-caixa,"R$ 127.000,00",No discount price found,No address found
/imovel/go/aragoiania/residencial-loteamento-residencial-lavinia-2-quartos-1-vaga-na-garagem-2-wc-sala-coz-imovel-caixa-economica-federal-cef-1455930-8444406551970-venda-direta-caixa,"R$ 127.000,00",No discount price found,No address found
/imovel/go/itaguari/residencial-centro-2-quartos-1-vaga-na-garagem-area-de-servico-wc-sala-cozinha-imovel-caixa-economica-federal-cef-1455929-1444409448632-venda-direta-caixa,"R$ 127.000,00",No discount price found,No address found
/imovel/go/goiania/residencial-residencial-gran-vitoria-a-e-b-2-quartos-1-vaga-na-garagem-area-de-servico-imovel-caixa-economica-federal-cef-1455928-8787704042626-venda-direta-caixa,"R$ 127.000,00",No discount price found,No address found
/imovel/go/goiania/residencial-res-bem-viver-jd-novo-mundo-2-quartos-1-vaga-na-garagem-2-wc-sala-cozinh-imovel-caixa-economica-federal-cef-1455926-8555532584514-venda-direta-caixa,"R$ 127.000,00",No discount price found,No address found
/imovel/go/goiania/terreno-conjunto-vera-cruz-imovel-caixa-economica-federal-cef-1455923-1444403257908-venda-direta-caixa,"R$ 127.000,00",No discount price found,No address found
/imovel/go/goiania/residencial-cond-ed-happy-days-2-quartos-2-vagas-na-garagem-varanda-sacada-area-de-se-imovel-caixa-economica-federal-cef-1455922-1555528117399-venda-direta-caixa,"R$ 127.000,00",No discount price found,No address found
/imoveis-springfield,"R$ 127.000,00",No discount price found,No address found
